{
  "ClosureRate" : 0,
  "Loft" : 0,
  "AngleOfAttack" : -4.9000000953674316,
  "Lie" : 0,
  "Speed" : 33.799999237060547,
  "FaceToTarget" : 0,
  "Path" : -2.9200000762939453,
  "Efficiency" : 1.1000000238418579,
  "SpeedAtImpact" : 0,
  "VerticalFaceImpact" : 0,
  "HorizontalFaceImpact" : 0
}