{
  "IsPutt" : false,
  "CarryOffline" : -1.8069572448730469,
  "SpinAxis" : 0,
  "TotalDistance" : 57.734001159667969,
  "TotalOffline" : -1.9131298065185547,
  "Speed" : 55.799999237060547,
  "TotalSpin" : 6499,
  "CarryDistance" : 54.5,
  "Height" : 7.1226666768391924,
  "HLA" : -1.8999999761581421,
  "VLA" : 27.399999618530273
}