{
  "IsPutt" : false,
  "CarryOffline" : 1.2963674068450928,
  "SpinAxis" : 0,
  "TotalDistance" : 42.604999542236328,
  "TotalOffline" : 1.4118005037307739,
  "Speed" : 46.599998474121094,
  "TotalSpin" : 6274,
  "CarryDistance" : 39.099998474121094,
  "Height" : 5.9099998474121094,
  "HLA" : 1.8999999761581421,
  "VLA" : 28
}