{
  "IsPutt" : true,
  "TotalDistance" : 15.644443511962891,
  "SpinAxis" : 0,
  "TotalOffline" : 0.92781525850296021,
  "CarryOffline" : 0,
  "Speed" : 6.4000000953674316,
  "TotalSpin" : 0,
  "CarryDistance" : 0,
  "Height" : 0,
  "HLA" : 3.4000000953674316,
  "VLA" : 0.40000000596046448
}