{
  "IsPutt" : false,
  "CarryOffline" : 0.15881133079528809,
  "SpinAxis" : 0,
  "TotalDistance" : 10.53600025177002,
  "TotalOffline" : 0.2389722466468811,
  "Speed" : 19.200000762939453,
  "TotalSpin" : 3077,
  "CarryDistance" : 7,
  "Height" : 5.3579998016357422,
  "HLA" : 1.2999999523162842,
  "VLA" : 30.299999237060547
}