{
  "IsPutt" : true,
  "TotalDistance" : 22.733333587646484,
  "SpinAxis" : 0,
  "TotalOffline" : 0.39675137400627136,
  "CarryOffline" : 0,
  "Speed" : 9.3000001907348633,
  "TotalSpin" : 0,
  "CarryDistance" : 0,
  "Height" : 0,
  "HLA" : 1,
  "VLA" : 1.2999999523162842
}