{
  "IsPutt" : false,
  "CarryOffline" : 0.69136536121368408,
  "SpinAxis" : 2,
  "TotalDistance" : 58.038997650146484,
  "TotalOffline" : 0.73217082023620605,
  "Speed" : 56,
  "TotalSpin" : 6199,
  "CarryDistance" : 54.799999237060547,
  "Height" : 7.1813335418701172,
  "HLA" : 0.30000001192092896,
  "VLA" : 27.5
}