{
  "IsPutt" : false,
  "CarryOffline" : 3.3594403266906738,
  "SpinAxis" : 20,
  "TotalDistance" : 30.097999572753906,
  "TotalOffline" : 3.7712616920471191,
  "Speed" : 37.099998474121094,
  "TotalSpin" : 5257,
  "CarryDistance" : 26.600000381469727,
  "Height" : 5.5466664632161455,
  "HLA" : 2.5999999046325684,
  "VLA" : 34
}