{
  "IsPutt" : false,
  "CarryOffline" : -0.31788015365600586,
  "SpinAxis" : 4,
  "TotalDistance" : 42.607997894287109,
  "TotalOffline" : -0.34638848900794983,
  "Speed" : 46.599998474121094,
  "TotalSpin" : 6274,
  "CarryDistance" : 39.099998474121094,
  "Height" : 5.9653333028157549,
  "HLA" : -1.8999999761581421,
  "VLA" : 28
}