{
  "IsPutt" : false,
  "CarryOffline" : -1.7064340114593506,
  "SpinAxis" : -2,
  "TotalDistance" : 41.875999450683594,
  "TotalOffline" : -1.863911509513855,
  "Speed" : 47.099998474121094,
  "TotalSpin" : 5050,
  "CarryDistance" : 38.299999237060547,
  "Height" : 5.7326666514078779,
  "HLA" : -1.8999999761581421,
  "VLA" : 25.200000762939453
}