{
  "ClosureRate" : 0,
  "Loft" : 0,
  "AngleOfAttack" : 1.3300000429153442,
  "Lie" : 0,
  "Speed" : 4.1999998092651367,
  "FaceToTarget" : 0,
  "Path" : -5.6399998664855957,
  "Efficiency" : 1.4900000095367432,
  "SpeedAtImpact" : 0,
  "VerticalFaceImpact" : 0,
  "HorizontalFaceImpact" : 0
}