{
  "ClosureRate" : 0,
  "Loft" : 0,
  "AngleOfAttack" : -6.119999885559082,
  "Lie" : 0,
  "Speed" : 32.400001525878906,
  "FaceToTarget" : 0,
  "Path" : -1.4500000476837158,
  "Efficiency" : 1.0499999523162842,
  "SpeedAtImpact" : 0,
  "VerticalFaceImpact" : 0,
  "HorizontalFaceImpact" : 0
}