{
  "ClosureRate" : 0,
  "Loft" : 0,
  "AngleOfAttack" : -5.0900001525878906,
  "Lie" : 0,
  "Speed" : 56.900001525878906,
  "FaceToTarget" : 0,
  "Path" : -0.36000001430511475,
  "Efficiency" : 0.98000001907348633,
  "SpeedAtImpact" : 0,
  "VerticalFaceImpact" : 0,
  "HorizontalFaceImpact" : 0
}