{
  "IsPutt" : true,
  "TotalDistance" : 12.955554962158203,
  "SpinAxis" : 0,
  "TotalOffline" : -0.090446099638938904,
  "CarryOffline" : 0,
  "Speed" : 5.3000001907348633,
  "TotalSpin" : 0,
  "CarryDistance" : 0,
  "Height" : 0,
  "HLA" : -0.40000000596046448,
  "VLA" : 0
}