{
  "IsPutt" : false,
  "CarryOffline" : -6.3306112289428711,
  "SpinAxis" : -10,
  "TotalDistance" : 43.187999725341797,
  "TotalOffline" : -6.8854427337646484,
  "Speed" : 49.099998474121094,
  "TotalSpin" : 4299,
  "CarryDistance" : 39.200000762939453,
  "Height" : 5.2299998601277666,
  "HLA" : -7.6999998092651367,
  "VLA" : 22.399999618530273
}