{
  "ClosureRate" : 0,
  "Loft" : 0,
  "AngleOfAttack" : -5.1100001335144043,
  "Lie" : 0,
  "Speed" : 53.5,
  "FaceToTarget" : 0,
  "Path" : -3.3900001049041748,
  "Efficiency" : 1.0199999809265137,
  "SpeedAtImpact" : 0,
  "VerticalFaceImpact" : 0,
  "HorizontalFaceImpact" : 0
}