{
  "ClosureRate" : 0,
  "Loft" : 0,
  "AngleOfAttack" : 0.85000002384185791,
  "Lie" : 0,
  "Speed" : 5.5,
  "FaceToTarget" : 0,
  "Path" : -4.0100002288818359,
  "Efficiency" : 1.3300000429153442,
  "SpeedAtImpact" : 0,
  "VerticalFaceImpact" : 0,
  "HorizontalFaceImpact" : 0
}