{
  "ClosureRate" : 0,
  "Loft" : 0,
  "AngleOfAttack" : -5.0300002098083496,
  "Lie" : 0,
  "Speed" : 45.299999237060547,
  "FaceToTarget" : 0,
  "Path" : -4.5799999237060547,
  "Efficiency" : 1.2100000381469727,
  "SpeedAtImpact" : 0,
  "VerticalFaceImpact" : 0,
  "HorizontalFaceImpact" : 0
}