{
  "ClosureRate" : 0,
  "Loft" : 0,
  "AngleOfAttack" : 1.8600000143051147,
  "Lie" : 0,
  "Speed" : 4.5999999046325684,
  "FaceToTarget" : 0,
  "Path" : -4.0799999237060547,
  "Efficiency" : 1.4199999570846558,
  "SpeedAtImpact" : 0,
  "VerticalFaceImpact" : 0,
  "HorizontalFaceImpact" : 0
}