{
  "IsPutt" : true,
  "TotalDistance" : 21.266664505004883,
  "SpinAxis" : 0,
  "TotalOffline" : -0.63090205192565918,
  "CarryOffline" : 0,
  "Speed" : 8.6999998092651367,
  "TotalSpin" : 0,
  "CarryDistance" : 0,
  "Height" : 0,
  "HLA" : -1.7000000476837158,
  "VLA" : 0.10000000149011612
}