{
  "IsPutt" : false,
  "CarryOffline" : 3.1780412197113037,
  "SpinAxis" : 2,
  "TotalDistance" : 56.113002777099609,
  "TotalOffline" : 3.3649997711181641,
  "Speed" : 54.599998474121094,
  "TotalSpin" : 6175,
  "CarryDistance" : 52.900001525878906,
  "Height" : 6.8886667887369795,
  "HLA" : 3,
  "VLA" : 28.799999237060547
}