{
  "IsPutt" : true,
  "TotalDistance" : 8.0666656494140625,
  "SpinAxis" : 0,
  "TotalOffline" : -0.25338006019592285,
  "CarryOffline" : 0,
  "Speed" : 3.2999999523162842,
  "TotalSpin" : 0,
  "CarryDistance" : 0,
  "Height" : 0,
  "HLA" : -1.7999999523162842,
  "VLA" : 0
}