{
  "IsPutt" : false,
  "CarryOffline" : 0.61387205123901367,
  "SpinAxis" : 8,
  "TotalDistance" : 21.221000671386719,
  "TotalOffline" : 0.75690054893493652,
  "Speed" : 33.200000762939453,
  "TotalSpin" : 4064,
  "CarryDistance" : 17.200000762939453,
  "Height" : 4.5619999567667646,
  "HLA" : -1.1000000238418579,
  "VLA" : 21.700000762939453
}