{
  "ClosureRate" : 0,
  "Loft" : 0,
  "AngleOfAttack" : -7.1700000762939453,
  "Lie" : 0,
  "Speed" : 34.599998474121094,
  "FaceToTarget" : 0,
  "Path" : -6.4200000762939453,
  "Efficiency" : 0.75999999046325684,
  "SpeedAtImpact" : 0,
  "VerticalFaceImpact" : 0,
  "HorizontalFaceImpact" : 0
}