{
  "ClosureRate" : 0,
  "Loft" : 0,
  "AngleOfAttack" : 1.0399999618530273,
  "Lie" : 0,
  "Speed" : 6.0999999046325684,
  "FaceToTarget" : 0,
  "Path" : -2.6099998950958252,
  "Efficiency" : 1.5299999713897705,
  "SpeedAtImpact" : 0,
  "VerticalFaceImpact" : 0,
  "HorizontalFaceImpact" : 0
}