{
  "ClosureRate" : 0,
  "Loft" : 0,
  "AngleOfAttack" : -2.4100000858306885,
  "Lie" : 0,
  "Speed" : 27.799999237060547,
  "FaceToTarget" : 0,
  "Path" : -0.05000000074505806,
  "Efficiency" : 0.98000001907348633,
  "SpeedAtImpact" : 0,
  "VerticalFaceImpact" : 0,
  "HorizontalFaceImpact" : 0
}