{
  "ClosureRate" : 0,
  "Loft" : 0,
  "AngleOfAttack" : 4.5900001525878906,
  "Lie" : 0,
  "Speed" : 5.5,
  "FaceToTarget" : 0,
  "Path" : -5.9699997901916504,
  "Efficiency" : 1.5700000524520874,
  "SpeedAtImpact" : 0,
  "VerticalFaceImpact" : 0,
  "HorizontalFaceImpact" : 0
}