{
  "IsPutt" : false,
  "CarryOffline" : 1.3778249025344849,
  "SpinAxis" : 8,
  "TotalDistance" : 10.527000427246094,
  "TotalOffline" : 2.0330431461334229,
  "Speed" : 19.200000762939453,
  "TotalSpin" : 3077,
  "CarryDistance" : 7,
  "Height" : 5.472666422526042,
  "HLA" : 1.2999999523162842,
  "VLA" : 30.299999237060547
}