{
  "IsPutt" : true,
  "TotalDistance" : 7.3333330154418945,
  "SpinAxis" : 0,
  "TotalOffline" : 0.56260621547698975,
  "CarryOffline" : 0,
  "Speed" : 3,
  "TotalSpin" : 0,
  "CarryDistance" : 0,
  "Height" : 0,
  "HLA" : 4.4000000953674316,
  "VLA" : 0
}