{
  "IsPutt" : true,
  "TotalDistance" : 17.844444274902344,
  "SpinAxis" : 0,
  "TotalOffline" : 0.87169700860977173,
  "CarryOffline" : 0,
  "Speed" : 7.3000001907348633,
  "TotalSpin" : 0,
  "CarryDistance" : 0,
  "Height" : 0,
  "HLA" : 2.7999999523162842,
  "VLA" : 3.5999999046325684
}