{
  "ClosureRate" : 0,
  "Loft" : 0,
  "AngleOfAttack" : 1.4199999570846558,
  "Lie" : 0,
  "Speed" : 4.0999999046325684,
  "FaceToTarget" : 0,
  "Path" : -5.4800000190734863,
  "Efficiency" : 1.5,
  "SpeedAtImpact" : 0,
  "VerticalFaceImpact" : 0,
  "HorizontalFaceImpact" : 0
}