{
  "IsPutt" : false,
  "CarryOffline" : 5.472599983215332,
  "SpinAxis" : -0,
  "TotalDistance" : 54.763999938964844,
  "TotalOffline" : 5.786865234375,
  "Speed" : 54.700000762939453,
  "TotalSpin" : 5224,
  "CarryDistance" : 51.5,
  "Height" : 6.5973332722981768,
  "HLA" : 6.0999999046325684,
  "VLA" : 25.5
}