{
  "ClosureRate" : 0,
  "Loft" : 0,
  "AngleOfAttack" : 5.630000114440918,
  "Lie" : 0,
  "Speed" : 13.100000381469727,
  "FaceToTarget" : 0,
  "Path" : -3.6500000953674316,
  "Efficiency" : 1.6299999952316284,
  "SpeedAtImpact" : 0,
  "VerticalFaceImpact" : 0,
  "HorizontalFaceImpact" : 0
}