{
  "IsPutt" : false,
  "CarryOffline" : 4.824976921081543,
  "SpinAxis" : -1,
  "TotalDistance" : 63.697998046875,
  "TotalOffline" : 4.9580731391906738,
  "Speed" : 61.299999237060547,
  "TotalSpin" : 7849,
  "CarryDistance" : 61.799999237060547,
  "Height" : 8.3866666158040371,
  "HLA" : 4.6999998092651367,
  "VLA" : 23.399999618530273
}