{
  "ClosureRate" : 0,
  "Loft" : 0,
  "AngleOfAttack" : -0.73000001907348633,
  "Lie" : 0,
  "Speed" : 15.5,
  "FaceToTarget" : 0,
  "Path" : -0.18000000715255737,
  "Efficiency" : 0.92000001668930054,
  "SpeedAtImpact" : 0,
  "VerticalFaceImpact" : 0,
  "HorizontalFaceImpact" : 0
}