{
  "ClosureRate" : 0,
  "Loft" : 0,
  "AngleOfAttack" : -7.2300000190734863,
  "Lie" : 0,
  "Speed" : 51.299999237060547,
  "FaceToTarget" : 0,
  "Path" : -1.190000057220459,
  "Efficiency" : 1.0900000333786011,
  "SpeedAtImpact" : 0,
  "VerticalFaceImpact" : 0,
  "HorizontalFaceImpact" : 0
}