{
  "ClosureRate" : 0,
  "Loft" : 0,
  "AngleOfAttack" : 1.7599999904632568,
  "Lie" : 0,
  "Speed" : 3.5999999046325684,
  "FaceToTarget" : 0,
  "Path" : -1.4800000190734863,
  "Efficiency" : 1.4800000190734863,
  "SpeedAtImpact" : 0,
  "VerticalFaceImpact" : 0,
  "HorizontalFaceImpact" : 0
}