{
  "ClosureRate" : 0,
  "Loft" : 0,
  "AngleOfAttack" : -7.6999998092651367,
  "Lie" : 0,
  "Speed" : 45,
  "FaceToTarget" : 0,
  "Path" : -2.9100000858306885,
  "Efficiency" : 0.93000000715255737,
  "SpeedAtImpact" : 0,
  "VerticalFaceImpact" : 0,
  "HorizontalFaceImpact" : 0
}