{
  "ClosureRate" : 0,
  "Loft" : 0,
  "AngleOfAttack" : -4.6700000762939453,
  "Lie" : 0,
  "Speed" : 20.200000762939453,
  "FaceToTarget" : 0,
  "Path" : -3.1400001049041748,
  "Efficiency" : 0.94999998807907104,
  "SpeedAtImpact" : 0,
  "VerticalFaceImpact" : 0,
  "HorizontalFaceImpact" : 0
}