{
  "ClosureRate" : 0,
  "Loft" : 0,
  "AngleOfAttack" : 4.8600001335144043,
  "Lie" : 0,
  "Speed" : 15.800000190734863,
  "FaceToTarget" : 0,
  "Path" : -4.25,
  "Efficiency" : 1.0499999523162842,
  "SpeedAtImpact" : 0,
  "VerticalFaceImpact" : 0,
  "HorizontalFaceImpact" : 0
}