{
  "ClosureRate" : 0,
  "Loft" : 0,
  "AngleOfAttack" : 3.0399999618530273,
  "Lie" : 0,
  "Speed" : 2.5999999046325684,
  "FaceToTarget" : 0,
  "Path" : -1.559999942779541,
  "Efficiency" : 1.2899999618530273,
  "SpeedAtImpact" : 0,
  "VerticalFaceImpact" : 0,
  "HorizontalFaceImpact" : 0
}