{
  "IsPutt" : true,
  "TotalDistance" : 9.2888879776000977,
  "SpinAxis" : 0,
  "TotalOffline" : -0.64796006679534912,
  "CarryOffline" : 0,
  "Speed" : 3.7999999523162842,
  "TotalSpin" : 0,
  "CarryDistance" : 0,
  "Height" : 0,
  "HLA" : -4,
  "VLA" : 0
}