{
  "ClosureRate" : 0,
  "Loft" : 0,
  "AngleOfAttack" : 1.5199999809265137,
  "Lie" : 0,
  "Speed" : 3.5,
  "FaceToTarget" : 0,
  "Path" : -1.5299999713897705,
  "Efficiency" : 1.4800000190734863,
  "SpeedAtImpact" : 0,
  "VerticalFaceImpact" : 0,
  "HorizontalFaceImpact" : 0
}