{
  "IsPutt" : false,
  "CarryOffline" : 1.4405792951583862,
  "SpinAxis" : 9,
  "TotalDistance" : 38.998001098632812,
  "TotalOffline" : 1.5812258720397949,
  "Speed" : 44,
  "TotalSpin" : 5525,
  "CarryDistance" : 35.5,
  "Height" : 5.8139998118082685,
  "HLA" : 0.30000001192092896,
  "VLA" : 29.399999618530273
}