{
  "ClosureRate" : 0,
  "Loft" : 0,
  "AngleOfAttack" : -3.0299999713897705,
  "Lie" : 0,
  "Speed" : 28.100000381469727,
  "FaceToTarget" : 0,
  "Path" : -1.5299999713897705,
  "Efficiency" : 0.95999997854232788,
  "SpeedAtImpact" : 0,
  "VerticalFaceImpact" : 0,
  "HorizontalFaceImpact" : 0
}