{
  "ClosureRate" : 0,
  "Loft" : 0,
  "AngleOfAttack" : 1.4099999666213989,
  "Lie" : 0,
  "Speed" : 2.9000000953674316,
  "FaceToTarget" : 0,
  "Path" : -2.9200000762939453,
  "Efficiency" : 1.309999942779541,
  "SpeedAtImpact" : 0,
  "VerticalFaceImpact" : 0,
  "HorizontalFaceImpact" : 0
}