{
  "IsPutt" : false,
  "CarryOffline" : 2.2193577289581299,
  "SpinAxis" : -2,
  "TotalDistance" : 61.86199951171875,
  "TotalOffline" : 2.3019936084747314,
  "Speed" : 58.400001525878906,
  "TotalSpin" : 6725,
  "CarryDistance" : 59.599998474121094,
  "Height" : 8.5406665802001953,
  "HLA" : 2.5,
  "VLA" : 29.100000381469727
}