{
  "IsPutt" : false,
  "CarryOffline" : -1.5124897956848145,
  "SpinAxis" : 1,
  "TotalDistance" : 54.701000213623047,
  "TotalOffline" : -1.6058067083358765,
  "Speed" : 53.799999237060547,
  "TotalSpin" : 6299,
  "CarryDistance" : 51.5,
  "Height" : 6.8299999237060547,
  "HLA" : -2,
  "VLA" : 28.700000762939453
}