{
  "ClosureRate" : 0,
  "Loft" : 0,
  "AngleOfAttack" : -1.4199999570846558,
  "Lie" : 0,
  "Speed" : 40.200000762939453,
  "FaceToTarget" : 0,
  "Path" : -9,
  "Efficiency" : 0.92000001668930054,
  "SpeedAtImpact" : 0,
  "VerticalFaceImpact" : 0,
  "HorizontalFaceImpact" : 0
}