{
  "ClosureRate" : 0,
  "Loft" : 0,
  "AngleOfAttack" : -9.3999996185302734,
  "Lie" : 0,
  "Speed" : 57.5,
  "FaceToTarget" : 0,
  "Path" : -1.9500000476837158,
  "Efficiency" : 1.059999942779541,
  "SpeedAtImpact" : 0,
  "VerticalFaceImpact" : 0,
  "HorizontalFaceImpact" : 0
}