{
  "ClosureRate" : 0,
  "Loft" : 0,
  "AngleOfAttack" : -6.8600001335144043,
  "Lie" : 0,
  "Speed" : 32.900001525878906,
  "FaceToTarget" : 0,
  "Path" : -2.2699999809265137,
  "Efficiency" : 1,
  "SpeedAtImpact" : 0,
  "VerticalFaceImpact" : 0,
  "HorizontalFaceImpact" : 0
}