{
  "ClosureRate" : 0,
  "Loft" : 0,
  "AngleOfAttack" : 1.5,
  "Lie" : 0,
  "Speed" : 2.0999999046325684,
  "FaceToTarget" : 0,
  "Path" : -2.4300000667572021,
  "Efficiency" : 1.0900000333786011,
  "SpeedAtImpact" : 0,
  "VerticalFaceImpact" : 0,
  "HorizontalFaceImpact" : 0
}