{
  "IsPutt" : true,
  "TotalDistance" : 12.71111011505127,
  "SpinAxis" : 0,
  "TotalOffline" : -0.42143914103507996,
  "CarryOffline" : 0,
  "Speed" : 5.1999998092651367,
  "TotalSpin" : 0,
  "CarryDistance" : 0,
  "Height" : 0,
  "HLA" : -1.8999999761581421,
  "VLA" : 0
}