{
  "IsPutt" : false,
  "CarryOffline" : 4.0865368843078613,
  "SpinAxis" : 20,
  "TotalDistance" : 21.646999359130859,
  "TotalOffline" : 4.8959646224975586,
  "Speed" : 34.099998474121094,
  "TotalSpin" : 4045,
  "CarryDistance" : 17.600000381469727,
  "Height" : 4.0806665420532227,
  "HLA" : 6.5999999046325684,
  "VLA" : 20.899999618530273
}