{
  "IsPutt" : false,
  "CarryOffline" : 2.7848072052001953,
  "SpinAxis" : 15,
  "TotalDistance" : 14.400999069213867,
  "TotalOffline" : 3.5647633075714111,
  "Speed" : 22.700000762939453,
  "TotalSpin" : 4092,
  "CarryDistance" : 10.899999618530273,
  "Height" : 5.4753335316975908,
  "HLA" : 2.7000000476837158,
  "VLA" : 43
}