{
  "ClosureRate" : 0,
  "Loft" : 0,
  "AngleOfAttack" : -8.3999996185302734,
  "Lie" : 0,
  "Speed" : 61.099998474121094,
  "FaceToTarget" : 0,
  "Path" : -2.2100000381469727,
  "Efficiency" : 1.190000057220459,
  "SpeedAtImpact" : 0,
  "VerticalFaceImpact" : 0,
  "HorizontalFaceImpact" : 0
}