{
  "ClosureRate" : 0,
  "Loft" : 0,
  "AngleOfAttack" : 0.090000003576278687,
  "Lie" : 0,
  "Speed" : 3.2000000476837158,
  "FaceToTarget" : 0,
  "Path" : -6.7600002288818359,
  "Efficiency" : 1.3400000333786011,
  "SpeedAtImpact" : 0,
  "VerticalFaceImpact" : 0,
  "HorizontalFaceImpact" : 0
}