{
  "IsPutt" : true,
  "TotalDistance" : 8.0666656494140625,
  "SpinAxis" : 0,
  "TotalOffline" : 0.084472388029098511,
  "CarryOffline" : 0,
  "Speed" : 3.2999999523162842,
  "TotalSpin" : 0,
  "CarryDistance" : 0,
  "Height" : 0,
  "HLA" : 0.60000002384185791,
  "VLA" : 0
}