{
  "ClosureRate" : 0,
  "Loft" : 0,
  "AngleOfAttack" : 2.2300000190734863,
  "Lie" : 0,
  "Speed" : 6.0999999046325684,
  "FaceToTarget" : 0,
  "Path" : -1.4600000381469727,
  "Efficiency" : 1.6100000143051147,
  "SpeedAtImpact" : 0,
  "VerticalFaceImpact" : 0,
  "HorizontalFaceImpact" : 0
}