{
  "IsPutt" : false,
  "CarryOffline" : -0,
  "SpinAxis" : 0,
  "TotalDistance" : 69.614006042480469,
  "TotalOffline" : -0,
  "Speed" : 63.599998474121094,
  "TotalSpin" : 6000,
  "CarryDistance" : 67.800003051757812,
  "Height" : 10.333333333333334,
  "HLA" : -0,
  "VLA" : 25.299999237060547
}