{
  "IsPutt" : false,
  "CarryOffline" : 2.7903060913085938,
  "SpinAxis" : 14,
  "TotalDistance" : 17.298000335693359,
  "TotalOffline" : 3.4282116889953613,
  "Speed" : 26.200000762939453,
  "TotalSpin" : 4922,
  "CarryDistance" : 13.800000190734863,
  "Height" : 5.4753335316975908,
  "HLA" : 3.0999999046325684,
  "VLA" : 35.200000762939453
}