{
  "IsPutt" : false,
  "CarryOffline" : 2.7244844436645508,
  "SpinAxis" : 3,
  "TotalDistance" : 59.285999298095703,
  "TotalOffline" : 2.8454608917236328,
  "Speed" : 56.900001525878906,
  "TotalSpin" : 7374,
  "CarryDistance" : 56.700000762939453,
  "Height" : 7.2293332417805987,
  "HLA" : 2.4000000953674316,
  "VLA" : 28.399999618530273
}