{
  "IsPutt" : false,
  "CarryOffline" : 2.1318540573120117,
  "SpinAxis" : 9,
  "TotalDistance" : 17.897998809814453,
  "TotalOffline" : 2.6211478710174561,
  "Speed" : 26.799999237060547,
  "TotalSpin" : 2700,
  "CarryDistance" : 14.399999618530273,
  "Height" : 5.472666422526042,
  "HLA" : 3.2000000476837158,
  "VLA" : 34.400001525878906
}