{
  "IsPutt" : false,
  "CarryOffline" : 4.2849559783935547,
  "SpinAxis" : -2,
  "TotalDistance" : 83.281997680664062,
  "TotalOffline" : 4.3407387733459473,
  "Speed" : 72.800003051757812,
  "TotalSpin" : 7550,
  "CarryDistance" : 82.099998474121094,
  "Height" : 13.736666361490885,
  "HLA" : 3.2999999523162842,
  "VLA" : 21
}