{
  "IsPutt" : false,
  "CarryOffline" : 0.30517071485519409,
  "SpinAxis" : 1,
  "TotalDistance" : 6.495999813079834,
  "TotalOffline" : 2.9449493885040283,
  "Speed" : 7.6999998092651367,
  "TotalSpin" : 2298,
  "CarryDistance" : 0.60000002384185791,
  "Height" : 1.499333381652832,
  "HLA" : 4.4000000953674316,
  "VLA" : 12.899999618530273
}