{
  "ClosureRate" : 0,
  "Loft" : 0,
  "AngleOfAttack" : 3.119999885559082,
  "Lie" : 0,
  "Speed" : 13.800000190734863,
  "FaceToTarget" : 0,
  "Path" : -0.95999997854232788,
  "Efficiency" : 1.0099999904632568,
  "SpeedAtImpact" : 0,
  "VerticalFaceImpact" : 0,
  "HorizontalFaceImpact" : 0
}