{
  "ClosureRate" : 0,
  "Loft" : 0,
  "AngleOfAttack" : 3.25,
  "Lie" : 0,
  "Speed" : 5.8000001907348633,
  "FaceToTarget" : 0,
  "Path" : -0.72000002861022949,
  "Efficiency" : 1.6299999952316284,
  "SpeedAtImpact" : 0,
  "VerticalFaceImpact" : 0,
  "HorizontalFaceImpact" : 0
}