{
  "IsPutt" : true,
  "TotalDistance" : 23.711109161376953,
  "SpinAxis" : 0,
  "TotalOffline" : 0.99291825294494629,
  "CarryOffline" : 0,
  "Speed" : 9.6999998092651367,
  "TotalSpin" : 0,
  "CarryDistance" : 0,
  "Height" : 0,
  "HLA" : 2.4000000953674316,
  "VLA" : 0.5
}