{
  "IsPutt" : false,
  "CarryOffline" : 0.080562017858028412,
  "SpinAxis" : 0,
  "TotalDistance" : 7.8769998550415039,
  "TotalOffline" : 0.57535624504089355,
  "Speed" : 11.199999809265137,
  "TotalSpin" : 1157,
  "CarryDistance" : 1.1000000238418579,
  "Height" : 1.2286667029062908,
  "HLA" : 4.1999998092651367,
  "VLA" : 11.600000381469727
}