{
  "ClosureRate" : 0,
  "Loft" : 0,
  "AngleOfAttack" : -5.0300002098083496,
  "Lie" : 0,
  "Speed" : 30,
  "FaceToTarget" : 0,
  "Path" : -1.4500000476837158,
  "Efficiency" : 1.1100000143051147,
  "SpeedAtImpact" : 0,
  "VerticalFaceImpact" : 0,
  "HorizontalFaceImpact" : 0
}