{
  "IsPutt" : true,
  "TotalDistance" : 15.15555477142334,
  "SpinAxis" : 0,
  "TotalOffline" : 0.89882099628448486,
  "CarryOffline" : 0,
  "Speed" : 6.1999998092651367,
  "TotalSpin" : 0,
  "CarryDistance" : 0,
  "Height" : 0,
  "HLA" : 3.4000000953674316,
  "VLA" : 0
}