{
  "IsPutt" : true,
  "TotalDistance" : 35.199996948242188,
  "SpinAxis" : 0,
  "TotalOffline" : -0.24574033915996552,
  "CarryOffline" : 0,
  "Speed" : 14.399999618530273,
  "TotalSpin" : 0,
  "CarryDistance" : 0,
  "Height" : 0,
  "HLA" : -0.40000000596046448,
  "VLA" : 3.5
}