{
  "IsPutt" : true,
  "TotalDistance" : 8.7999992370605469,
  "SpinAxis" : 0,
  "TotalOffline" : -0.33781269192695618,
  "CarryOffline" : 0,
  "Speed" : 3.5999999046325684,
  "TotalSpin" : 0,
  "CarryDistance" : 0,
  "Height" : 0,
  "HLA" : -2.2000000476837158,
  "VLA" : 0
}