{
  "IsPutt" : false,
  "CarryOffline" : -0.60245811939239502,
  "SpinAxis" : -33,
  "TotalDistance" : 40.441001892089844,
  "TotalOffline" : -0.66018325090408325,
  "Speed" : 47.099998474121094,
  "TotalSpin" : 4074,
  "CarryDistance" : 36.900001525878906,
  "Height" : 5.7633336385091143,
  "HLA" : 2.5,
  "VLA" : 24.600000381469727
}