{
  "IsPutt" : true,
  "TotalDistance" : 6.8444437980651855,
  "SpinAxis" : 0,
  "TotalOffline" : 0.29855042695999146,
  "CarryOffline" : 0,
  "Speed" : 2.7999999523162842,
  "TotalSpin" : 0,
  "CarryDistance" : 0,
  "Height" : 0,
  "HLA" : 2.5,
  "VLA" : 0
}