{
  "ClosureRate" : 0,
  "Loft" : 0,
  "AngleOfAttack" : -5.809999942779541,
  "Lie" : 0,
  "Speed" : 34.700000762939453,
  "FaceToTarget" : 0,
  "Path" : -4.559999942779541,
  "Efficiency" : 1.1499999761581421,
  "SpeedAtImpact" : 0,
  "VerticalFaceImpact" : 0,
  "HorizontalFaceImpact" : 0
}