{
  "ClosureRate" : 0,
  "Loft" : 0,
  "AngleOfAttack" : 1.940000057220459,
  "Lie" : 0,
  "Speed" : 2.7999999523162842,
  "FaceToTarget" : 0,
  "Path" : -1.5800000429153442,
  "Efficiency" : 1.2799999713897705,
  "SpeedAtImpact" : 0,
  "VerticalFaceImpact" : 0,
  "HorizontalFaceImpact" : 0
}