{
  "IsPutt" : true,
  "TotalDistance" : 14.666666030883789,
  "SpinAxis" : 0,
  "TotalOffline" : 1.0486291646957397,
  "CarryOffline" : 0,
  "Speed" : 6,
  "TotalSpin" : 0,
  "CarryDistance" : 0,
  "Height" : 0,
  "HLA" : 4.0999999046325684,
  "VLA" : 0
}