{
  "ClosureRate" : 0,
  "Loft" : 0,
  "AngleOfAttack" : -4.690000057220459,
  "Lie" : 0,
  "Speed" : 31.899999618530273,
  "FaceToTarget" : 0,
  "Path" : -8.1999998092651367,
  "Efficiency" : 0.93000000715255737,
  "SpeedAtImpact" : 0,
  "VerticalFaceImpact" : 0,
  "HorizontalFaceImpact" : 0
}