{
  "ClosureRate" : 0,
  "Loft" : 0,
  "AngleOfAttack" : -0.94999998807907104,
  "Lie" : 0,
  "Speed" : 9.5,
  "FaceToTarget" : 0,
  "Path" : -0.20999999344348907,
  "Efficiency" : 1.1799999475479126,
  "SpeedAtImpact" : 0,
  "VerticalFaceImpact" : 0,
  "HorizontalFaceImpact" : 0
}