{
  "ClosureRate" : 0,
  "Loft" : 0,
  "AngleOfAttack" : 0.28999999165534973,
  "Lie" : 0,
  "Speed" : 6.4000000953674316,
  "FaceToTarget" : 0,
  "Path" : -3.440000057220459,
  "Efficiency" : 1.6000000238418579,
  "SpeedAtImpact" : 0,
  "VerticalFaceImpact" : 0,
  "HorizontalFaceImpact" : 0
}