{
  "IsPutt" : false,
  "CarryOffline" : -0.053999673575162888,
  "SpinAxis" : 0,
  "TotalDistance" : 4.0760002136230469,
  "TotalOffline" : -0.4376603364944458,
  "Speed" : 5.5,
  "TotalSpin" : 681,
  "CarryDistance" : 0.5,
  "Height" : 5.1253334681193037,
  "HLA" : -6.1999998092651367,
  "VLA" : 25
}