{
  "ClosureRate" : 0,
  "Loft" : 0,
  "AngleOfAttack" : 2.559999942779541,
  "Lie" : 0,
  "Speed" : 2.2000000476837158,
  "FaceToTarget" : 0,
  "Path" : -6.3499999046325684,
  "Efficiency" : 1.1499999761581421,
  "SpeedAtImpact" : 0,
  "VerticalFaceImpact" : 0,
  "HorizontalFaceImpact" : 0
}