{
  "ClosureRate" : 0,
  "Loft" : 0,
  "AngleOfAttack" : 0.5,
  "Lie" : 0,
  "Speed" : 4.0999999046325684,
  "FaceToTarget" : 0,
  "Path" : -2.9500000476837158,
  "Efficiency" : 1.440000057220459,
  "SpeedAtImpact" : 0,
  "VerticalFaceImpact" : 0,
  "HorizontalFaceImpact" : 0
}