{
  "ClosureRate" : 0,
  "Loft" : 0,
  "AngleOfAttack" : -7.0100002288818359,
  "Lie" : 0,
  "Speed" : 43.099998474121094,
  "FaceToTarget" : 0,
  "Path" : -2.9900000095367432,
  "Efficiency" : 1.1399999856948853,
  "SpeedAtImpact" : 0,
  "VerticalFaceImpact" : 0,
  "HorizontalFaceImpact" : 0
}