{
  "ClosureRate" : 0,
  "Loft" : 0,
  "AngleOfAttack" : 2.0799999237060547,
  "Lie" : 0,
  "Speed" : 6.0999999046325684,
  "FaceToTarget" : 0,
  "Path" : -5.0399999618530273,
  "Efficiency" : 1.2599999904632568,
  "SpeedAtImpact" : 0,
  "VerticalFaceImpact" : 0,
  "HorizontalFaceImpact" : 0
}