{
  "IsPutt" : false,
  "CarryOffline" : 0.050788853317499161,
  "SpinAxis" : 0,
  "TotalDistance" : 13.236000061035156,
  "TotalOffline" : 0.069302283227443695,
  "Speed" : 22.100000381469727,
  "TotalSpin" : 2526,
  "CarryDistance" : 9.6999998092651367,
  "Height" : 5.3579998016357422,
  "HLA" : 0.30000001192092896,
  "VLA" : 33.200000762939453
}