{
  "ClosureRate" : 0,
  "Loft" : 0,
  "AngleOfAttack" : -5.3299999237060547,
  "Lie" : 0,
  "Speed" : 58.799999237060547,
  "FaceToTarget" : 0,
  "Path" : -1.6499999761581421,
  "Efficiency" : 1.0800000429153442,
  "SpeedAtImpact" : 0,
  "VerticalFaceImpact" : 0,
  "HorizontalFaceImpact" : 0
}