{
  "IsPutt" : true,
  "TotalDistance" : 6.1111111640930176,
  "SpinAxis" : 0,
  "TotalOffline" : 0.56448692083358765,
  "CarryOffline" : 0,
  "Speed" : 2.5,
  "TotalSpin" : 0,
  "CarryDistance" : 0,
  "Height" : 0,
  "HLA" : 5.3000001907348633,
  "VLA" : 0
}