{
  "ClosureRate" : 0,
  "Loft" : 0,
  "AngleOfAttack" : 5.3400001525878906,
  "Lie" : 0,
  "Speed" : 2.2999999523162842,
  "FaceToTarget" : 0,
  "Path" : -1.3500000238418579,
  "Efficiency" : 1.2100000381469727,
  "SpeedAtImpact" : 0,
  "VerticalFaceImpact" : 0,
  "HorizontalFaceImpact" : 0
}