{
  "ClosureRate" : 0,
  "Loft" : 0,
  "AngleOfAttack" : 1.6799999475479126,
  "Lie" : 0,
  "Speed" : 20.200000762939453,
  "FaceToTarget" : 0,
  "Path" : -3.8299999237060547,
  "Efficiency" : 1.0900000333786011,
  "SpeedAtImpact" : 0,
  "VerticalFaceImpact" : 0,
  "HorizontalFaceImpact" : 0
}