{
  "IsPutt" : false,
  "CarryOffline" : 0.1497124582529068,
  "SpinAxis" : 0,
  "TotalDistance" : 7.435999870300293,
  "TotalOffline" : 0.28524166345596313,
  "Speed" : 13.899999618530273,
  "TotalSpin" : 1811,
  "CarryDistance" : 3.9000000953674316,
  "Height" : 5.3579998016357422,
  "HLA" : 2.2000000476837158,
  "VLA" : 32.799999237060547
}