{
  "ClosureRate" : 0,
  "Loft" : 0,
  "AngleOfAttack" : 1.7599999904632568,
  "Lie" : 0,
  "Speed" : 3.5999999046325684,
  "FaceToTarget" : 0,
  "Path" : -15.949999809265137,
  "Efficiency" : 1.2000000476837158,
  "SpeedAtImpact" : 0,
  "VerticalFaceImpact" : 0,
  "HorizontalFaceImpact" : 0
}