{
  "ClosureRate" : 0,
  "Loft" : 0,
  "AngleOfAttack" : 2.440000057220459,
  "Lie" : 0,
  "Speed" : 4.4000000953674316,
  "FaceToTarget" : 0,
  "Path" : -4.4200000762939453,
  "Efficiency" : 1.4500000476837158,
  "SpeedAtImpact" : 0,
  "VerticalFaceImpact" : 0,
  "HorizontalFaceImpact" : 0
}