{
  "IsPutt" : false,
  "CarryOffline" : 2.37434983253479,
  "SpinAxis" : 0,
  "TotalDistance" : 59.255001068115234,
  "TotalOffline" : 2.4791693687438965,
  "Speed" : 56.900001525878906,
  "TotalSpin" : 7374,
  "CarryDistance" : 56.700000762939453,
  "Height" : 7.1706663767496748,
  "HLA" : 2.4000000953674316,
  "VLA" : 28.399999618530273
}