{
  "ClosureRate" : 0,
  "Loft" : 0,
  "AngleOfAttack" : -5.630000114440918,
  "Lie" : 0,
  "Speed" : 53,
  "FaceToTarget" : 0,
  "Path" : -0.87000000476837158,
  "Efficiency" : 1.1000000238418579,
  "SpeedAtImpact" : 0,
  "VerticalFaceImpact" : 0,
  "HorizontalFaceImpact" : 0
}