{
  "IsPutt" : false,
  "CarryOffline" : -0.57246071100234985,
  "SpinAxis" : 0,
  "TotalDistance" : 67.571998596191406,
  "TotalOffline" : -0.58964699506759644,
  "Speed" : 62.700000762939453,
  "TotalSpin" : 6099,
  "CarryDistance" : 65.599998474121094,
  "Height" : 9.8299999237060547,
  "HLA" : -0.5,
  "VLA" : 24.600000381469727
}