{
  "IsPutt" : false,
  "CarryOffline" : -0.13720697164535522,
  "SpinAxis" : -2,
  "TotalDistance" : 17.435998916625977,
  "TotalOffline" : -0.17210245132446289,
  "Speed" : 27.100000381469727,
  "TotalSpin" : 3155,
  "CarryDistance" : 13.899999618530273,
  "Height" : 5.444000244140625,
  "HLA" : 1.6000000238418579,
  "VLA" : 30.200000762939453
}