{
  "IsPutt" : false,
  "CarryOffline" : 0,
  "SpinAxis" : -0,
  "TotalDistance" : 3.5360000133514404,
  "TotalOffline" : 0,
  "Speed" : 14.199999809265137,
  "TotalSpin" : 1739,
  "CarryDistance" : 0,
  "Height" : 5.3579998016357422,
  "HLA" : 2.5,
  "VLA" : 32.200000762939453
}