{
  "ClosureRate" : 0,
  "Loft" : 0,
  "AngleOfAttack" : 3.7599999904632568,
  "Lie" : 0,
  "Speed" : 3.5999999046325684,
  "FaceToTarget" : 0,
  "Path" : -4.0300002098083496,
  "Efficiency" : 1.5299999713897705,
  "SpeedAtImpact" : 0,
  "VerticalFaceImpact" : 0,
  "HorizontalFaceImpact" : 0
}