{
  "IsPutt" : false,
  "CarryOffline" : 2.0885848999023438,
  "SpinAxis" : 18,
  "TotalDistance" : 28.305000305175781,
  "TotalOffline" : 2.4952218532562256,
  "Speed" : 39.799999237060547,
  "TotalSpin" : 2938,
  "CarryDistance" : 23.600000381469727,
  "Height" : 3.8786665598551431,
  "HLA" : 0.40000000596046448,
  "VLA" : 20.100000381469727
}