{
  "ClosureRate" : 0,
  "Loft" : 0,
  "AngleOfAttack" : 2.690000057220459,
  "Lie" : 0,
  "Speed" : 20.700000762939453,
  "FaceToTarget" : 0,
  "Path" : -3.0299999713897705,
  "Efficiency" : 1.0499999523162842,
  "SpeedAtImpact" : 0,
  "VerticalFaceImpact" : 0,
  "HorizontalFaceImpact" : 0
}