{
  "IsPutt" : true,
  "TotalDistance" : 10.511111259460449,
  "SpinAxis" : 0,
  "TotalOffline" : 0.31182518601417542,
  "CarryOffline" : 0,
  "Speed" : 4.3000001907348633,
  "TotalSpin" : 0,
  "CarryDistance" : 0,
  "Height" : 0,
  "HLA" : 1.7000000476837158,
  "VLA" : 0
}