{
  "IsPutt" : false,
  "CarryOffline" : 0.73053210973739624,
  "SpinAxis" : 0,
  "TotalDistance" : 35.736000061035156,
  "TotalOffline" : 0.81054598093032837,
  "Speed" : 41.799999237060547,
  "TotalSpin" : 5224,
  "CarryDistance" : 32.200000762939453,
  "Height" : 5.5999997456868487,
  "HLA" : 1.2999999523162842,
  "VLA" : 29.299999237060547
}