{
  "IsPutt" : false,
  "CarryOffline" : 0.73052418231964111,
  "SpinAxis" : 12,
  "TotalDistance" : 44.837997436523438,
  "TotalOffline" : 0.79298102855682373,
  "Speed" : 48.900001525878906,
  "TotalSpin" : 5749,
  "CarryDistance" : 41.299999237060547,
  "Height" : 5.908000310262044,
  "HLA" : -0.60000002384185791,
  "VLA" : 25.600000381469727
}