{
  "IsPutt" : true,
  "TotalDistance" : 5.6222219467163086,
  "SpinAxis" : 0,
  "TotalOffline" : 0.39218637347221375,
  "CarryOffline" : 0,
  "Speed" : 2.2999999523162842,
  "TotalSpin" : 0,
  "CarryDistance" : 0,
  "Height" : 0,
  "HLA" : 4,
  "VLA" : 0
}