{
  "IsPutt" : true,
  "TotalDistance" : 14.911110877990723,
  "SpinAxis" : 0,
  "TotalOffline" : -1.0661063194274902,
  "CarryOffline" : 0,
  "Speed" : 6.0999999046325684,
  "TotalSpin" : 0,
  "CarryDistance" : 0,
  "Height" : 0,
  "HLA" : -4.0999999046325684,
  "VLA" : 0
}