{
  "ClosureRate" : 0,
  "Loft" : 0,
  "AngleOfAttack" : -4.820000171661377,
  "Lie" : 0,
  "Speed" : 49.299999237060547,
  "FaceToTarget" : 0,
  "Path" : -2.7799999713897705,
  "Efficiency" : 1.1399999856948853,
  "SpeedAtImpact" : 0,
  "VerticalFaceImpact" : 0,
  "HorizontalFaceImpact" : 0
}