{
  "ClosureRate" : 0,
  "Loft" : 0,
  "AngleOfAttack" : 3.690000057220459,
  "Lie" : 0,
  "Speed" : 2.5,
  "FaceToTarget" : 0,
  "Path" : -1.4800000190734863,
  "Efficiency" : 1.2999999523162842,
  "SpeedAtImpact" : 0,
  "VerticalFaceImpact" : 0,
  "HorizontalFaceImpact" : 0
}