{
  "IsPutt" : true,
  "TotalDistance" : 22.977775573730469,
  "SpinAxis" : 0,
  "TotalOffline" : -1.0423405170440674,
  "CarryOffline" : 0,
  "Speed" : 9.3999996185302734,
  "TotalSpin" : 0,
  "CarryDistance" : 0,
  "Height" : 0,
  "HLA" : -2.5999999046325684,
  "VLA" : 0
}