{
  "IsPutt" : true,
  "TotalDistance" : 24.933332443237305,
  "SpinAxis" : 0,
  "TotalOffline" : -0.52216434478759766,
  "CarryOffline" : 0,
  "Speed" : 10.199999809265137,
  "TotalSpin" : 0,
  "CarryDistance" : 0,
  "Height" : 0,
  "HLA" : -1.2000000476837158,
  "VLA" : 0
}