{
  "ClosureRate" : 0,
  "Loft" : 0,
  "AngleOfAttack" : -5.880000114440918,
  "Lie" : 0,
  "Speed" : 44.599998474121094,
  "FaceToTarget" : 0,
  "Path" : -2.9000000953674316,
  "Efficiency" : 0.98000001907348633,
  "SpeedAtImpact" : 0,
  "VerticalFaceImpact" : 0,
  "HorizontalFaceImpact" : 0
}