{
  "IsPutt" : false,
  "CarryOffline" : 3.081507682800293,
  "SpinAxis" : -0,
  "TotalDistance" : 37.630001068115234,
  "TotalOffline" : 3.3965821266174316,
  "Speed" : 44.799999237060547,
  "TotalSpin" : 3399,
  "CarryDistance" : 34,
  "Height" : 5.3646666208902998,
  "HLA" : 5.1999998092651367,
  "VLA" : 24.5
}