{
  "IsPutt" : false,
  "CarryOffline" : 3.4108343124389648,
  "SpinAxis" : -2,
  "TotalDistance" : 57.006000518798828,
  "TotalOffline" : 3.6135377883911133,
  "Speed" : 56.200000762939453,
  "TotalSpin" : 4850,
  "CarryDistance" : 53.700000762939453,
  "Height" : 6.908000310262044,
  "HLA" : 4.0999999046325684,
  "VLA" : 24.799999237060547
}