{
  "IsPutt" : false,
  "CarryOffline" : -0.27320188283920288,
  "SpinAxis" : -0,
  "TotalDistance" : 8.935999870300293,
  "TotalOffline" : -0.45152100920677185,
  "Speed" : 16.600000381469727,
  "TotalSpin" : 2204,
  "CarryDistance" : 5.4000000953674316,
  "Height" : 5.3579998016357422,
  "HLA" : -2.9000000953674316,
  "VLA" : 32.700000762939453
}