{
  "ClosureRate" : 0,
  "Loft" : 0,
  "AngleOfAttack" : -6.0100002288818359,
  "Lie" : 0,
  "Speed" : 20.5,
  "FaceToTarget" : 0,
  "Path" : -1.2300000190734863,
  "Efficiency" : 1.1100000143051147,
  "SpeedAtImpact" : 0,
  "VerticalFaceImpact" : 0,
  "HorizontalFaceImpact" : 0
}