{
  "IsPutt" : true,
  "TotalDistance" : 10.266666412353516,
  "SpinAxis" : 0,
  "TotalOffline" : 1.3933465480804443,
  "CarryOffline" : 0,
  "Speed" : 4.1999998092651367,
  "TotalSpin" : 0,
  "CarryDistance" : 0,
  "Height" : 0,
  "HLA" : 7.8000001907348633,
  "VLA" : 0
}