{
  "IsPutt" : false,
  "CarryOffline" : -1.3080644607543945,
  "SpinAxis" : -3,
  "TotalDistance" : 34.381999969482422,
  "TotalOffline" : -1.6455069780349731,
  "Speed" : 38.400001525878906,
  "TotalSpin" : 3507,
  "CarryDistance" : 27.299999237060547,
  "Height" : 5.5153331756591797,
  "HLA" : -1.7000000476837158,
  "VLA" : 29.100000381469727
}