{
  "IsPutt" : false,
  "CarryOffline" : -1.7574698925018311,
  "SpinAxis" : 7,
  "TotalDistance" : 50.701999664306641,
  "TotalOffline" : -2.0008499622344971,
  "Speed" : 51.299999237060547,
  "TotalSpin" : 6800,
  "CarryDistance" : 44.5,
  "Height" : 6.1886666615804033,
  "HLA" : -3.5,
  "VLA" : 24.100000381469727
}