{
  "IsPutt" : true,
  "TotalDistance" : 8.5555553436279297,
  "SpinAxis" : 0,
  "TotalOffline" : -0.014932253398001194,
  "CarryOffline" : 0,
  "Speed" : 3.5,
  "TotalSpin" : 0,
  "CarryDistance" : 0,
  "Height" : 0,
  "HLA" : -0.10000000149011612,
  "VLA" : 0
}