{
  "IsPutt" : false,
  "CarryOffline" : -1.2818020582199097,
  "SpinAxis" : 3,
  "TotalDistance" : 65.729995727539062,
  "TotalOffline" : -1.420458197593689,
  "Speed" : 63.400001525878906,
  "TotalSpin" : 2725,
  "CarryDistance" : 59.299999237060547,
  "Height" : 6.9319998423258467,
  "HLA" : -1.7000000476837158,
  "VLA" : 17.899999618530273
}