{
  "IsPutt" : false,
  "CarryOffline" : 0.95979130268096924,
  "SpinAxis" : 8,
  "TotalDistance" : 20.253999710083008,
  "TotalOffline" : 1.4688204526901245,
  "Speed" : 27.100000381469727,
  "TotalSpin" : 4209,
  "CarryDistance" : 13.199999809265137,
  "Height" : 5.4753335316975908,
  "HLA" : -0.89999997615814209,
  "VLA" : 27.700000762939453
}