{
  "IsPutt" : false,
  "CarryOffline" : -0.13193376362323761,
  "SpinAxis" : 0,
  "TotalDistance" : 12.472000122070312,
  "TotalOffline" : -0.30462723970413208,
  "Speed" : 16.600000381469727,
  "TotalSpin" : 2515,
  "CarryDistance" : 5.4000000953674316,
  "Height" : 5.3579998016357422,
  "HLA" : -1.3999999761581421,
  "VLA" : 32.400001525878906
}