{
  "ClosureRate" : 0,
  "Loft" : 0,
  "AngleOfAttack" : 3.2300000190734863,
  "Lie" : 0,
  "Speed" : 2.0999999046325684,
  "FaceToTarget" : 0,
  "Path" : -4.320000171661377,
  "Efficiency" : 1,
  "SpeedAtImpact" : 0,
  "VerticalFaceImpact" : 0,
  "HorizontalFaceImpact" : 0
}