{
  "ClosureRate" : 0,
  "Loft" : 0,
  "AngleOfAttack" : -5.9000000953674316,
  "Lie" : 0,
  "Speed" : 25,
  "FaceToTarget" : 0,
  "Path" : -3.3399999141693115,
  "Efficiency" : 0.87999999523162842,
  "SpeedAtImpact" : 0,
  "VerticalFaceImpact" : 0,
  "HorizontalFaceImpact" : 0
}