{
  "IsPutt" : false,
  "CarryOffline" : 1.1516991853713989,
  "SpinAxis" : 6,
  "TotalDistance" : 11.067999839782715,
  "TotalOffline" : 3.0623433589935303,
  "Speed" : 14.600000381469727,
  "TotalSpin" : 2205,
  "CarryDistance" : 4,
  "Height" : 5.4746665954589844,
  "HLA" : 1,
  "VLA" : 29.399999618530273
}