{
  "ClosureRate" : 0,
  "Loft" : 0,
  "AngleOfAttack" : 14.229999542236328,
  "Lie" : 0,
  "Speed" : 9.3999996185302734,
  "FaceToTarget" : 0,
  "Path" : -12.079999923706055,
  "Efficiency" : 1.1599999666213989,
  "SpeedAtImpact" : 0,
  "VerticalFaceImpact" : 0,
  "HorizontalFaceImpact" : 0
}