{
  "IsPutt" : true,
  "TotalDistance" : 15.399998664855957,
  "SpinAxis" : 0,
  "TotalOffline" : 0.10751140117645264,
  "CarryOffline" : 0,
  "Speed" : 6.3000001907348633,
  "TotalSpin" : 0,
  "CarryDistance" : 0,
  "Height" : 0,
  "HLA" : 0.40000000596046448,
  "VLA" : 2.5999999046325684
}