{
  "ClosureRate" : 0,
  "Loft" : 0,
  "AngleOfAttack" : -7.6500000953674316,
  "Lie" : 0,
  "Speed" : 52.299999237060547,
  "FaceToTarget" : 0,
  "Path" : -5.5900001525878906,
  "Efficiency" : 0.56000000238418579,
  "SpeedAtImpact" : 0,
  "VerticalFaceImpact" : 0,
  "HorizontalFaceImpact" : 0
}