{
  "IsPutt" : false,
  "CarryOffline" : -3.3920228481292725,
  "SpinAxis" : 2,
  "TotalDistance" : 84.681198120117188,
  "TotalOffline" : -3.5650420188903809,
  "Speed" : 72.599998474121094,
  "TotalSpin" : 4975,
  "CarryDistance" : 80.5,
  "Height" : 12.356000264485678,
  "HLA" : -2.7999999523162842,
  "VLA" : 19.200000762939453
}