{
  "ClosureRate" : 0,
  "Loft" : 0,
  "AngleOfAttack" : -6.630000114440918,
  "Lie" : 0,
  "Speed" : 50.099998474121094,
  "FaceToTarget" : 0,
  "Path" : -5.1100001335144043,
  "Efficiency" : 1.0299999713897705,
  "SpeedAtImpact" : 0,
  "VerticalFaceImpact" : 0,
  "HorizontalFaceImpact" : 0
}