{
  "IsPutt" : false,
  "CarryOffline" : 3.274998664855957,
  "SpinAxis" : 15,
  "TotalDistance" : 52.916000366210938,
  "TotalOffline" : 3.6783113479614258,
  "Speed" : 51.400001525878906,
  "TotalSpin" : 6875,
  "CarryDistance" : 47,
  "Height" : 6.3753331502278643,
  "HLA" : 1.6000000238418579,
  "VLA" : 29.600000381469727
}