{
  "IsPutt" : false,
  "CarryOffline" : 0.28523001074790955,
  "SpinAxis" : 1,
  "TotalDistance" : 15.615999221801758,
  "TotalOffline" : 4.2833223342895508,
  "Speed" : 5.9000000953674316,
  "TotalSpin" : 0,
  "CarryDistance" : -1,
  "Height" : 1.1666666666666667,
  "HLA" : 0.20000000298023224,
  "VLA" : 0
}