{
  "IsPutt" : false,
  "CarryOffline" : -0.80988848209381104,
  "SpinAxis" : -0,
  "TotalDistance" : 34.371997833251953,
  "TotalOffline" : -1.0192396640777588,
  "Speed" : 38.400001525878906,
  "TotalSpin" : 3507,
  "CarryDistance" : 27.299999237060547,
  "Height" : 5.4366664886474609,
  "HLA" : -1.7000000476837158,
  "VLA" : 29.100000381469727
}