{
  "IsPutt" : false,
  "CarryOffline" : 1.4696799516677856,
  "SpinAxis" : 7,
  "TotalDistance" : 41.087997436523438,
  "TotalOffline" : 1.7692141532897949,
  "Speed" : 42.799999237060547,
  "TotalSpin" : 5925,
  "CarryDistance" : 34.099998474121094,
  "Height" : 5.6966667175292969,
  "HLA" : 0.5,
  "VLA" : 30.5
}