{
  "ClosureRate" : 0,
  "Loft" : 0,
  "AngleOfAttack" : -0.25,
  "Lie" : 0,
  "Speed" : 2.9000000953674316,
  "FaceToTarget" : 0,
  "Path" : -8.2899999618530273,
  "Efficiency" : 1.2999999523162842,
  "SpeedAtImpact" : 0,
  "VerticalFaceImpact" : 0,
  "HorizontalFaceImpact" : 0
}