{
  "IsPutt" : false,
  "CarryOffline" : -0.95242822170257568,
  "SpinAxis" : -12,
  "TotalDistance" : 25.309999465942383,
  "TotalOffline" : -1.5133852958679199,
  "Speed" : 33,
  "TotalSpin" : 2474,
  "CarryDistance" : 15.899999618530273,
  "Height" : 2.8760000864664712,
  "HLA" : -0.60000002384185791,
  "VLA" : 20
}