{
  "ClosureRate" : 0,
  "Loft" : 0,
  "AngleOfAttack" : -8.9099998474121094,
  "Lie" : 0,
  "Speed" : 48.099998474121094,
  "FaceToTarget" : 0,
  "Path" : -4.1599998474121094,
  "Efficiency" : 1.0700000524520874,
  "SpeedAtImpact" : 0,
  "VerticalFaceImpact" : 0,
  "HorizontalFaceImpact" : 0
}