{
  "ClosureRate" : 0,
  "Loft" : 0,
  "AngleOfAttack" : 0.87000000476837158,
  "Lie" : 0,
  "Speed" : 3,
  "FaceToTarget" : 0,
  "Path" : -0.37999999523162842,
  "Efficiency" : 1.3799999952316284,
  "SpeedAtImpact" : 0,
  "VerticalFaceImpact" : 0,
  "HorizontalFaceImpact" : 0
}