{
  "IsPutt" : false,
  "CarryOffline" : -1.284393310546875,
  "SpinAxis" : -9,
  "TotalDistance" : 9.4960002899169922,
  "TotalOffline" : -4.3394465446472168,
  "Speed" : 10.899999618530273,
  "TotalSpin" : 1315,
  "CarryDistance" : 2.5,
  "Height" : 5.472666422526042,
  "HLA" : 1,
  "VLA" : 35.599998474121094
}