{
  "IsPutt" : false,
  "CarryOffline" : -8.2365636825561523,
  "SpinAxis" : -33,
  "TotalDistance" : 47.813999176025391,
  "TotalOffline" : -10.952885627746582,
  "Speed" : 94.400001525878906,
  "TotalSpin" : 2799,
  "CarryDistance" : 35,
  "Height" : 13.919333140055338,
  "HLA" : -2.7000000476837158,
  "VLA" : 2.0999999046325684
}