{
  "IsPutt" : false,
  "CarryOffline" : 5.6141667366027832,
  "SpinAxis" : 15,
  "TotalDistance" : 101.96800231933594,
  "TotalOffline" : 6.3979549407958984,
  "Speed" : 90.699996948242188,
  "TotalSpin" : 3874,
  "CarryDistance" : 89.300003051757812,
  "Height" : 15.463999430338541,
  "HLA" : -0.60000002384185791,
  "VLA" : 7.9000000953674316
}