{
  "ClosureRate" : 0,
  "Loft" : 0,
  "AngleOfAttack" : -6.690000057220459,
  "Lie" : 0,
  "Speed" : 45.799999237060547,
  "FaceToTarget" : 0,
  "Path" : -1.0399999618530273,
  "Efficiency" : 1.0499999523162842,
  "SpeedAtImpact" : 0,
  "VerticalFaceImpact" : 0,
  "HorizontalFaceImpact" : 0
}