{
  "ClosureRate" : 0,
  "Loft" : 0,
  "AngleOfAttack" : -6.3899998664855957,
  "Lie" : 0,
  "Speed" : 28.399999618530273,
  "FaceToTarget" : 0,
  "Path" : -2.559999942779541,
  "Efficiency" : 0.94999998807907104,
  "SpeedAtImpact" : 0,
  "VerticalFaceImpact" : 0,
  "HorizontalFaceImpact" : 0
}