{
  "IsPutt" : false,
  "CarryOffline" : -0.3295135498046875,
  "SpinAxis" : -70,
  "TotalDistance" : 69.984001159667969,
  "TotalOffline" : -0.39151635766029358,
  "Speed" : 87,
  "TotalSpin" : 2775,
  "CarryDistance" : 58.900001525878906,
  "Height" : 13.8456662495931,
  "HLA" : 4,
  "VLA" : 9.8000001907348633
}