{
  "IsPutt" : true,
  "TotalDistance" : 12.71111011505127,
  "SpinAxis" : 0,
  "TotalOffline" : 1.5711120367050171,
  "CarryOffline" : 0,
  "Speed" : 5.1999998092651367,
  "TotalSpin" : 0,
  "CarryDistance" : 0,
  "Height" : 0,
  "HLA" : 7.0999999046325684,
  "VLA" : 0
}