{
  "IsPutt" : false,
  "CarryOffline" : 0.92987310886383057,
  "SpinAxis" : 0,
  "TotalDistance" : 65.410003662109375,
  "TotalOffline" : 1.0272887945175171,
  "Speed" : 60.799999237060547,
  "TotalSpin" : 4850,
  "CarryDistance" : 59.200000762939453,
  "Height" : 7.1846669514973955,
  "HLA" : 0.89999997615814209,
  "VLA" : 21.5
}