{
  "IsPutt" : false,
  "CarryOffline" : 0.28872066736221313,
  "SpinAxis" : 1,
  "TotalDistance" : 16.615999221801758,
  "TotalOffline" : 16.615999221801758,
  "Speed" : 4.5999999046325684,
  "TotalSpin" : 0,
  "CarryDistance" : 0,
  "Height" : 1.1666666666666667,
  "HLA" : 0.30000001192092896,
  "VLA" : 0
}