{
  "ClosureRate" : 0,
  "Loft" : 0,
  "AngleOfAttack" : -2.630000114440918,
  "Lie" : 0,
  "Speed" : 28.299999237060547,
  "FaceToTarget" : 0,
  "Path" : -0.68999999761581421,
  "Efficiency" : 1.1599999666213989,
  "SpeedAtImpact" : 0,
  "VerticalFaceImpact" : 0,
  "HorizontalFaceImpact" : 0
}