{
  "IsPutt" : false,
  "CarryOffline" : 2.3285031318664551,
  "SpinAxis" : 7,
  "TotalDistance" : 53.459999084472656,
  "TotalOffline" : 2.5849518775939941,
  "Speed" : 51.700000762939453,
  "TotalSpin" : 7250,
  "CarryDistance" : 48.099998474121094,
  "Height" : 6.7966664632161455,
  "HLA" : 1.3999999761581421,
  "VLA" : 29.899999618530273
}