{
  "IsPutt" : false,
  "CarryOffline" : 0.28872066736221313,
  "SpinAxis" : 1,
  "TotalDistance" : 16.615999221801758,
  "TotalOffline" : 16.615999221801758,
  "Speed" : 12.800000190734863,
  "TotalSpin" : 0,
  "CarryDistance" : 0,
  "Height" : 1.1666666666666667,
  "HLA" : -1.5,
  "VLA" : 1.8999999761581421
}