{
  "ClosureRate" : 0,
  "Loft" : 0,
  "AngleOfAttack" : -6.5399999618530273,
  "Lie" : 0,
  "Speed" : 66.199996948242188,
  "FaceToTarget" : 0,
  "Path" : -2.059999942779541,
  "Efficiency" : 1.3600000143051147,
  "SpeedAtImpact" : 0,
  "VerticalFaceImpact" : 0,
  "HorizontalFaceImpact" : 0
}