{
  "IsPutt" : true,
  "TotalDistance" : 15.399998664855957,
  "SpinAxis" : 0,
  "TotalOffline" : -2.9384582042694092,
  "CarryOffline" : 0,
  "Speed" : 6.3000001907348633,
  "TotalSpin" : 0,
  "CarryDistance" : 0,
  "Height" : 0,
  "HLA" : -11,
  "VLA" : 0
}