{
  "IsPutt" : false,
  "CarryOffline" : -0.89171552658081055,
  "SpinAxis" : 12,
  "TotalDistance" : 55.481998443603516,
  "TotalOffline" : -1.0800172090530396,
  "Speed" : 55.700000762939453,
  "TotalSpin" : 5450,
  "CarryDistance" : 45.799999237060547,
  "Height" : 4.3073333104451494,
  "HLA" : -2.0999999046325684,
  "VLA" : 18.200000762939453
}