{
  "IsPutt" : false,
  "CarryOffline" : 19.396186828613281,
  "SpinAxis" : 36,
  "TotalDistance" : 98.963203430175781,
  "TotalOffline" : 19.796943664550781,
  "Speed" : 85.099998474121094,
  "TotalSpin" : 6049,
  "CarryDistance" : 95,
  "Height" : 16.711332956949871,
  "HLA" : 8.5,
  "VLA" : 16.600000381469727
}