{
  "IsPutt" : false,
  "CarryOffline" : 1.1816451549530029,
  "SpinAxis" : 6,
  "TotalDistance" : 10.567999839782715,
  "TotalOffline" : 3.3804354667663574,
  "Speed" : 13.100000381469727,
  "TotalSpin" : 2113,
  "CarryDistance" : 3.5,
  "Height" : 5.4746665954589844,
  "HLA" : 0.69999998807907104,
  "VLA" : 34.299999237060547
}