{
  "ClosureRate" : 0,
  "Loft" : 0,
  "AngleOfAttack" : -3.5999999046325684,
  "Lie" : 0,
  "Speed" : 50.700000762939453,
  "FaceToTarget" : 0,
  "Path" : -2.9500000476837158,
  "Efficiency" : 1.25,
  "SpeedAtImpact" : 0,
  "VerticalFaceImpact" : 0,
  "HorizontalFaceImpact" : 0
}