{
  "IsPutt" : false,
  "CarryOffline" : 2.8381059169769287,
  "SpinAxis" : 7,
  "TotalDistance" : 104.67933654785156,
  "TotalOffline" : 2.9697146415710449,
  "Speed" : 83.900001525878906,
  "TotalSpin" : 3475,
  "CarryDistance" : 100,
  "Height" : 17.294999440511067,
  "HLA" : -0.40000000596046448,
  "VLA" : 15.800000190734863
}