{
  "ClosureRate" : 0,
  "Loft" : 0,
  "AngleOfAttack" : -3.4600000381469727,
  "Lie" : 0,
  "Speed" : 17.100000381469727,
  "FaceToTarget" : 0,
  "Path" : -0.57999998331069946,
  "Efficiency" : 0.97000002861022949,
  "SpeedAtImpact" : 0,
  "VerticalFaceImpact" : 0,
  "HorizontalFaceImpact" : 0
}