{
  "ClosureRate" : 0,
  "Loft" : 0,
  "AngleOfAttack" : 0.12999999523162842,
  "Lie" : 0,
  "Speed" : 2.9000000953674316,
  "FaceToTarget" : 0,
  "Path" : -5.2199997901916504,
  "Efficiency" : 1.3500000238418579,
  "SpeedAtImpact" : 0,
  "VerticalFaceImpact" : 0,
  "HorizontalFaceImpact" : 0
}