{
  "ClosureRate" : 0,
  "Loft" : 0,
  "AngleOfAttack" : -8.7399997711181641,
  "Lie" : 0,
  "Speed" : 45.700000762939453,
  "FaceToTarget" : 0,
  "Path" : -3.75,
  "Efficiency" : 1.2200000286102295,
  "SpeedAtImpact" : 0,
  "VerticalFaceImpact" : 0,
  "HorizontalFaceImpact" : 0
}