{
  "ClosureRate" : 0,
  "Loft" : 0,
  "AngleOfAttack" : 0.5899999737739563,
  "Lie" : 0,
  "Speed" : 4.9000000953674316,
  "FaceToTarget" : 0,
  "Path" : -2.0299999713897705,
  "Efficiency" : 1.2799999713897705,
  "SpeedAtImpact" : 0,
  "VerticalFaceImpact" : 0,
  "HorizontalFaceImpact" : 0
}