{
  "IsPutt" : false,
  "CarryOffline" : 0.54381823539733887,
  "SpinAxis" : 2,
  "TotalDistance" : 17.672000885009766,
  "TotalOffline" : 0.90544652938842773,
  "Speed" : 23.299999237060547,
  "TotalSpin" : 2973,
  "CarryDistance" : 10.600000381469727,
  "Height" : 5.444000244140625,
  "HLA" : 0.10000000149011612,
  "VLA" : 31.899999618530273
}