{
  "ClosureRate" : 0,
  "Loft" : 0,
  "AngleOfAttack" : -7.619999885559082,
  "Lie" : 0,
  "Speed" : 55,
  "FaceToTarget" : 0,
  "Path" : -0.2800000011920929,
  "Efficiency" : 1.2200000286102295,
  "SpeedAtImpact" : 0,
  "VerticalFaceImpact" : 0,
  "HorizontalFaceImpact" : 0
}