{
  "IsPutt" : false,
  "CarryOffline" : 4.4278125762939453,
  "SpinAxis" : 17,
  "TotalDistance" : 105.18600463867188,
  "TotalOffline" : 4.9335241317749023,
  "Speed" : 89.800003051757812,
  "TotalSpin" : 3724,
  "CarryDistance" : 94.300003051757812,
  "Height" : 16.284999847412109,
  "HLA" : -2,
  "VLA" : 9.8000001907348633
}