{
  "ClosureRate" : 0,
  "Loft" : 0,
  "AngleOfAttack" : -3.0899999141693115,
  "Lie" : 0,
  "Speed" : 65.800003051757812,
  "FaceToTarget" : 0,
  "Path" : -8.130000114440918,
  "Efficiency" : 1.3200000524520874,
  "SpeedAtImpact" : 0,
  "VerticalFaceImpact" : 0,
  "HorizontalFaceImpact" : 0
}