{
  "IsPutt" : false,
  "CarryOffline" : 2.0300538539886475,
  "SpinAxis" : 70,
  "TotalDistance" : 14.457999229431152,
  "TotalOffline" : 13.217308044433594,
  "Speed" : 10.5,
  "TotalSpin" : 566,
  "CarryDistance" : 0.89999997615814209,
  "Height" : 1.2546666463216145,
  "HLA" : 22,
  "VLA" : 10.300000190734863
}