{
  "IsPutt" : false,
  "CarryOffline" : 3.1898036003112793,
  "SpinAxis" : 8,
  "TotalDistance" : 48.167999267578125,
  "TotalOffline" : 3.7271485328674316,
  "Speed" : 48.200000762939453,
  "TotalSpin" : 3875,
  "CarryDistance" : 41.099998474121094,
  "Height" : 6.0213330586751299,
  "HLA" : 2.7999999523162842,
  "VLA" : 27
}