{
  "ClosureRate" : 0,
  "Loft" : 0,
  "AngleOfAttack" : -7.820000171661377,
  "Lie" : 0,
  "Speed" : 56.200000762939453,
  "FaceToTarget" : 0,
  "Path" : -2.0299999713897705,
  "Efficiency" : 1.2899999618530273,
  "SpeedAtImpact" : 0,
  "VerticalFaceImpact" : 0,
  "HorizontalFaceImpact" : 0
}