{
  "ClosureRate" : 0,
  "Loft" : 0,
  "AngleOfAttack" : 0.15999999642372131,
  "Lie" : 0,
  "Speed" : 4,
  "FaceToTarget" : 0,
  "Path" : -1.7100000381469727,
  "Efficiency" : 0.88999998569488525,
  "SpeedAtImpact" : 0,
  "VerticalFaceImpact" : 0,
  "HorizontalFaceImpact" : 0
}