{
  "IsPutt" : false,
  "CarryOffline" : 2.9859068393707275,
  "SpinAxis" : 68,
  "TotalDistance" : 19.266000747680664,
  "TotalOffline" : 13.591008186340332,
  "Speed" : 79.199996948242188,
  "TotalSpin" : 999,
  "CarryDistance" : 3,
  "Height" : 12.639999389648438,
  "HLA" : 9.3999996185302734,
  "VLA" : 0.5
}