{
  "IsPutt" : false,
  "CarryOffline" : 4.724031925201416,
  "SpinAxis" : 4,
  "TotalDistance" : 91.783195495605469,
  "TotalOffline" : 4.942439079284668,
  "Speed" : 77.400001525878906,
  "TotalSpin" : 4599,
  "CarryDistance" : 87.599998474121094,
  "Height" : 17.945332845052082,
  "HLA" : 1.8999999761581421,
  "VLA" : 17.100000381469727
}