{
  "IsPutt" : false,
  "CarryOffline" : -0.32025128602981567,
  "SpinAxis" : 7,
  "TotalDistance" : 63.774002075195312,
  "TotalOffline" : -0.35705220699310303,
  "Speed" : 62,
  "TotalSpin" : 4824,
  "CarryDistance" : 57.200000762939453,
  "Height" : 6.2933330535888672,
  "HLA" : -1.2999999523162842,
  "VLA" : 18
}