{
  "IsPutt" : true,
  "TotalDistance" : 14.422222137451172,
  "SpinAxis" : 0,
  "TotalOffline" : 0.050342950969934464,
  "CarryOffline" : 0,
  "Speed" : 5.9000000953674316,
  "TotalSpin" : 0,
  "CarryDistance" : 0,
  "Height" : 0,
  "HLA" : 0.20000000298023224,
  "VLA" : 0
}