{
  "IsPutt" : false,
  "CarryOffline" : 9.5319080352783203,
  "SpinAxis" : 23,
  "TotalDistance" : 87.184005737304688,
  "TotalOffline" : 10.72455883026123,
  "Speed" : 80.099998474121094,
  "TotalSpin" : 3574,
  "CarryDistance" : 76.900001525878906,
  "Height" : 15.761666615804037,
  "HLA" : 4.8000001907348633,
  "VLA" : 11.600000381469727
}