{
  "ClosureRate" : 0,
  "Loft" : 0,
  "AngleOfAttack" : 6.5799999237060547,
  "Lie" : 0,
  "Speed" : 19.399999618530273,
  "FaceToTarget" : 0,
  "Path" : -0.31999999284744263,
  "Efficiency" : 1.1200000047683716,
  "SpeedAtImpact" : 0,
  "VerticalFaceImpact" : 0,
  "HorizontalFaceImpact" : 0
}