{
  "IsPutt" : false,
  "CarryOffline" : 5.8459014892578125,
  "SpinAxis" : 10,
  "TotalDistance" : 60.175998687744141,
  "TotalOffline" : 6.3831796646118164,
  "Speed" : 55.599998474121094,
  "TotalSpin" : 7224,
  "CarryDistance" : 54.799999237060547,
  "Height" : 7.2646668752034502,
  "HLA" : 4.6999998092651367,
  "VLA" : 29.899999618530273
}