{
  "ClosureRate" : 0,
  "Loft" : 0,
  "AngleOfAttack" : -6.7199997901916504,
  "Lie" : 0,
  "Speed" : 64.300003051757812,
  "FaceToTarget" : 0,
  "Path" : -1.2899999618530273,
  "Efficiency" : 1.4099999666213989,
  "SpeedAtImpact" : 0,
  "VerticalFaceImpact" : 0,
  "HorizontalFaceImpact" : 0
}