{
  "IsPutt" : false,
  "CarryOffline" : -0.16504760086536407,
  "SpinAxis" : 0,
  "TotalDistance" : 15.615999221801758,
  "TotalOffline" : -2.5429792404174805,
  "Speed" : 7.3000001907348633,
  "TotalSpin" : 0,
  "CarryDistance" : -1,
  "Height" : 1.1073333422342937,
  "HLA" : 9.5,
  "VLA" : 0
}