{
  "IsPutt" : true,
  "TotalDistance" : 10.511111259460449,
  "SpinAxis" : 0,
  "TotalOffline" : 1.4265215396881104,
  "CarryOffline" : 0,
  "Speed" : 4.3000001907348633,
  "TotalSpin" : 0,
  "CarryDistance" : 0,
  "Height" : 0,
  "HLA" : 7.8000001907348633,
  "VLA" : 0
}