{
  "IsPutt" : false,
  "CarryOffline" : 2.4133665561676025,
  "SpinAxis" : 25,
  "TotalDistance" : 15.930000305175781,
  "TotalOffline" : 5.6985573768615723,
  "Speed" : 22.799999237060547,
  "TotalSpin" : 2107,
  "CarryDistance" : 6.3000001907348633,
  "Height" : 1.9673333168029785,
  "HLA" : 6.5,
  "VLA" : 16.5
}