{
  "IsPutt" : false,
  "CarryOffline" : 2.0077254772186279,
  "SpinAxis" : 0,
  "TotalDistance" : 48.185997009277344,
  "TotalOffline" : 2.3510713577270508,
  "Speed" : 48.200000762939453,
  "TotalSpin" : 3875,
  "CarryDistance" : 41.099998474121094,
  "Height" : 5.9366664886474609,
  "HLA" : 2.7999999523162842,
  "VLA" : 27
}