{
  "IsPutt" : true,
  "TotalDistance" : 25.666664123535156,
  "SpinAxis" : 0,
  "TotalOffline" : 9.6149015426635742,
  "CarryOffline" : 0,
  "Speed" : 10.5,
  "TotalSpin" : 0,
  "CarryDistance" : 0,
  "Height" : 0,
  "HLA" : 22,
  "VLA" : 10.300000190734863
}