{
  "ClosureRate" : 0,
  "Loft" : 0,
  "AngleOfAttack" : -6.8299999237060547,
  "Lie" : 0,
  "Speed" : 64.900001525878906,
  "FaceToTarget" : 0,
  "Path" : -0.92000001668930054,
  "Efficiency" : 1.2200000286102295,
  "SpeedAtImpact" : 0,
  "VerticalFaceImpact" : 0,
  "HorizontalFaceImpact" : 0
}