{
  "IsPutt" : false,
  "CarryOffline" : 1.7589727640151978,
  "SpinAxis" : 9,
  "TotalDistance" : 16.496000289916992,
  "TotalOffline" : 3.0032715797424316,
  "Speed" : 22,
  "TotalSpin" : 2945,
  "CarryDistance" : 9.5,
  "Height" : 5.472666422526042,
  "HLA" : 2.5999999046325684,
  "VLA" : 32
}