{
  "ClosureRate" : 0,
  "Loft" : 0,
  "AngleOfAttack" : -1.2799999713897705,
  "Lie" : 0,
  "Speed" : 17.299999237060547,
  "FaceToTarget" : 0,
  "Path" : -12.630000114440918,
  "Efficiency" : 0.97000002861022949,
  "SpeedAtImpact" : 0,
  "VerticalFaceImpact" : 0,
  "HorizontalFaceImpact" : 0
}