{
  "IsPutt" : false,
  "CarryOffline" : 1.8073976039886475,
  "SpinAxis" : 2,
  "TotalDistance" : 12.572000503540039,
  "TotalOffline" : 3.9248905181884766,
  "Speed" : 16.700000762939453,
  "TotalSpin" : 2279,
  "CarryDistance" : 5.5,
  "Height" : 5.444000244140625,
  "HLA" : 13,
  "VLA" : 32.299999237060547
}