{
  "IsPutt" : false,
  "CarryOffline" : 0.28348469734191895,
  "SpinAxis" : 1,
  "TotalDistance" : 15.615999221801758,
  "TotalOffline" : 4.2590670585632324,
  "Speed" : 4.5999999046325684,
  "TotalSpin" : 0,
  "CarryDistance" : -1,
  "Height" : 1.1666666666666667,
  "HLA" : 0.30000001192092896,
  "VLA" : 0
}