{
  "ClosureRate" : 0,
  "Loft" : 0,
  "AngleOfAttack" : -6.0999999046325684,
  "Lie" : 0,
  "Speed" : 53.099998474121094,
  "FaceToTarget" : 0,
  "Path" : -0.25999999046325684,
  "Efficiency" : 1.0499999523162842,
  "SpeedAtImpact" : 0,
  "VerticalFaceImpact" : 0,
  "HorizontalFaceImpact" : 0
}