{
  "IsPutt" : false,
  "CarryOffline" : 0.076208889484405518,
  "SpinAxis" : -3,
  "TotalDistance" : 16.281999588012695,
  "TotalOffline" : 0.13486853241920471,
  "Speed" : 21.700000762939453,
  "TotalSpin" : 2270,
  "CarryDistance" : 9.1999998092651367,
  "Height" : 5.444000244140625,
  "HLA" : 3.9000000953674316,
  "VLA" : 31.899999618530273
}