{
  "IsPutt" : false,
  "CarryOffline" : 4.0511541366577148,
  "SpinAxis" : 12,
  "TotalDistance" : 24.902000427246094,
  "TotalOffline" : 5.4968376159667969,
  "Speed" : 29.5,
  "TotalSpin" : 4464,
  "CarryDistance" : 17.899999618530273,
  "Height" : 5.4753335316975908,
  "HLA" : 8.6999998092651367,
  "VLA" : 43.299999237060547
}