{
  "ClosureRate" : 0,
  "Loft" : 0,
  "AngleOfAttack" : -6.630000114440918,
  "Lie" : 0,
  "Speed" : 51.700000762939453,
  "FaceToTarget" : 0,
  "Path" : -0.44999998807907104,
  "Efficiency" : 1,
  "SpeedAtImpact" : 0,
  "VerticalFaceImpact" : 0,
  "HorizontalFaceImpact" : 0
}