{
  "ClosureRate" : 0,
  "Loft" : 0,
  "AngleOfAttack" : -6.7699999809265137,
  "Lie" : 0,
  "Speed" : 57.099998474121094,
  "FaceToTarget" : 0,
  "Path" : -2.4600000381469727,
  "Efficiency" : 1.3600000143051147,
  "SpeedAtImpact" : 0,
  "VerticalFaceImpact" : 0,
  "HorizontalFaceImpact" : 0
}