{
  "IsPutt" : true,
  "TotalDistance" : 5.1333332061767578,
  "SpinAxis" : 0,
  "TotalOffline" : 0.52766835689544678,
  "CarryOffline" : 0,
  "Speed" : 2.0999999046325684,
  "TotalSpin" : 0,
  "CarryDistance" : 0,
  "Height" : 0,
  "HLA" : 5.9000000953674316,
  "VLA" : 0.60000002384185791
}