{
  "ClosureRate" : 0,
  "Loft" : 0,
  "AngleOfAttack" : -6.3400001525878906,
  "Lie" : 0,
  "Speed" : 60.5,
  "FaceToTarget" : 0,
  "Path" : -2.559999942779541,
  "Efficiency" : 1.3899999856948853,
  "SpeedAtImpact" : 0,
  "VerticalFaceImpact" : 0,
  "HorizontalFaceImpact" : 0
}