{
  "IsPutt" : false,
  "CarryOffline" : 4.6002254486083984,
  "SpinAxis" : 19,
  "TotalDistance" : 68.707199096679688,
  "TotalOffline" : 4.9258632659912109,
  "Speed" : 67.199996948242188,
  "TotalSpin" : 5500,
  "CarryDistance" : 64,
  "Height" : 8.2339998881022129,
  "HLA" : 2.2999999523162842,
  "VLA" : 16.600000381469727
}