{
  "ClosureRate" : 0,
  "Loft" : 0,
  "AngleOfAttack" : -6.130000114440918,
  "Lie" : 0,
  "Speed" : 63.099998474121094,
  "FaceToTarget" : 0,
  "Path" : -3.5199999809265137,
  "Efficiency" : 1.0800000429153442,
  "SpeedAtImpact" : 0,
  "VerticalFaceImpact" : 0,
  "HorizontalFaceImpact" : 0
}