{
  "ClosureRate" : 0,
  "Loft" : 0,
  "AngleOfAttack" : -6.6500000953674316,
  "Lie" : 0,
  "Speed" : 58.700000762939453,
  "FaceToTarget" : 0,
  "Path" : -1.1299999952316284,
  "Efficiency" : 1.3600000143051147,
  "SpeedAtImpact" : 0,
  "VerticalFaceImpact" : 0,
  "HorizontalFaceImpact" : 0
}