{
  "IsPutt" : false,
  "CarryOffline" : -0.31939458847045898,
  "SpinAxis" : 0,
  "TotalDistance" : 93.491996765136719,
  "TotalOffline" : -0.32634598016738892,
  "Speed" : 77.099998474121094,
  "TotalSpin" : 5625,
  "CarryDistance" : 91.5,
  "Height" : 19.87999979654948,
  "HLA" : -0.20000000298023224,
  "VLA" : 21.299999237060547
}