{
  "IsPutt" : false,
  "CarryOffline" : 2.4501018524169922,
  "SpinAxis" : 6,
  "TotalDistance" : 97.580001831054688,
  "TotalOffline" : 2.4948098659515381,
  "Speed" : 79.099998474121094,
  "TotalSpin" : 5749,
  "CarryDistance" : 95.800003051757812,
  "Height" : 20.387332916259766,
  "HLA" : -0.10000000149011612,
  "VLA" : 21.899999618530273
}