{
  "ClosureRate" : 0,
  "Loft" : 0,
  "AngleOfAttack" : -4.0300002098083496,
  "Lie" : 0,
  "Speed" : 14.699999809265137,
  "FaceToTarget" : 0,
  "Path" : -0.070000000298023224,
  "Efficiency" : 0.99000000953674316,
  "SpeedAtImpact" : 0,
  "VerticalFaceImpact" : 0,
  "HorizontalFaceImpact" : 0
}