{
  "IsPutt" : false,
  "CarryOffline" : 2.1615762710571289,
  "SpinAxis" : 8,
  "TotalDistance" : 65.482002258300781,
  "TotalOffline" : 2.3893594741821289,
  "Speed" : 60.799999237060547,
  "TotalSpin" : 4850,
  "CarryDistance" : 59.200000762939453,
  "Height" : 7.3053334554036455,
  "HLA" : 0.89999997615814209,
  "VLA" : 21.5
}