{
  "ClosureRate" : 0,
  "Loft" : 0,
  "AngleOfAttack" : 0.63999998569488525,
  "Lie" : 0,
  "Speed" : 4.8000001907348633,
  "FaceToTarget" : 0,
  "Path" : -7.559999942779541,
  "Efficiency" : 1.5299999713897705,
  "SpeedAtImpact" : 0,
  "VerticalFaceImpact" : 0,
  "HorizontalFaceImpact" : 0
}