{
  "ClosureRate" : 0,
  "Loft" : 0,
  "AngleOfAttack" : -0.40999999642372131,
  "Lie" : 0,
  "Speed" : 4,
  "FaceToTarget" : 0,
  "Path" : -1.0399999618530273,
  "Efficiency" : 1.4600000381469727,
  "SpeedAtImpact" : 0,
  "VerticalFaceImpact" : 0,
  "HorizontalFaceImpact" : 0
}