{
  "IsPutt" : true,
  "TotalDistance" : 10.022221565246582,
  "SpinAxis" : 0,
  "TotalOffline" : 0.069967739284038544,
  "CarryOffline" : 0,
  "Speed" : 4.0999999046325684,
  "TotalSpin" : 0,
  "CarryDistance" : 0,
  "Height" : 0,
  "HLA" : 0.40000000596046448,
  "VLA" : 0
}