{
  "IsPutt" : false,
  "CarryOffline" : 1.5883204936981201,
  "SpinAxis" : 10,
  "TotalDistance" : 16.902000427246094,
  "TotalOffline" : 2.6774566173553467,
  "Speed" : 21.600000381469727,
  "TotalSpin" : 3820,
  "CarryDistance" : 9.8999996185302734,
  "Height" : 5.472666422526042,
  "HLA" : 1.3999999761581421,
  "VLA" : 41.599998474121094
}