{
  "IsPutt" : false,
  "CarryOffline" : 0.84565186500549316,
  "SpinAxis" : 2,
  "TotalDistance" : 9.7720003128051758,
  "TotalOffline" : 2.920727014541626,
  "Speed" : 11.800000190734863,
  "TotalSpin" : 1460,
  "CarryDistance" : 2.7000000476837158,
  "Height" : 5.444000244140625,
  "HLA" : 6.0999999046325684,
  "VLA" : 32
}