{
  "IsPutt" : false,
  "CarryOffline" : 2.5941910743713379,
  "SpinAxis" : 10,
  "TotalDistance" : 78.00799560546875,
  "TotalOffline" : 2.675246000289917,
  "Speed" : 67.900001525878906,
  "TotalSpin" : 7874,
  "CarryDistance" : 75.599998474121094,
  "Height" : 14.666666666666666,
  "HLA" : 0.5,
  "VLA" : 27.200000762939453
}