{
  "ClosureRate" : 0,
  "Loft" : 0,
  "AngleOfAttack" : -8.0600004196166992,
  "Lie" : 0,
  "Speed" : 36.700000762939453,
  "FaceToTarget" : 0,
  "Path" : -8.119999885559082,
  "Efficiency" : 0.5899999737739563,
  "SpeedAtImpact" : 0,
  "VerticalFaceImpact" : 0,
  "HorizontalFaceImpact" : 0
}